old_url,new_de_url,new_en_url,status,redirect_status,notes
/,/de/,/en/,parallel_test,not_configured,Alt-URL bleibt bis zur expliziten Redirect-Freigabe unverändert aktiv.
/nikos-system.html,/de/system/,/en/system/,parallel_test,not_configured,Alt-URL bleibt bis zur expliziten Redirect-Freigabe unverändert aktiv.
/nikos-anwendungen.html,/de/anwendungen/,/en/applications/,parallel_test,not_configured,Alt-URL bleibt bis zur expliziten Redirect-Freigabe unverändert aktiv.
/nikos-produkte.html,/de/produkte/,/en/products/,parallel_test,not_configured,Alt-URL bleibt bis zur expliziten Redirect-Freigabe unverändert aktiv.
/nikos-referenzen.html,/de/referenzen/,/en/references/,parallel_test,not_configured,Alt-URL bleibt bis zur expliziten Redirect-Freigabe unverändert aktiv.
/nikos-vermietung.html,/de/vermietung/,/en/rental/,parallel_test,not_configured,Alt-URL bleibt bis zur expliziten Redirect-Freigabe unverändert aktiv.
/nikos-downloads.html,/de/wissen/,/en/insights/,parallel_test,not_configured,Alt-URL bleibt bis zur expliziten Redirect-Freigabe unverändert aktiv.
/nikos-kontakt.html,/de/kontakt/,/en/contact/,parallel_test,not_configured,Alt-URL bleibt bis zur expliziten Redirect-Freigabe unverändert aktiv.
/nikos-produkt-horn.html,/de/produkte/horn/,/en/products/horn/,parallel_test,not_configured,Alt-URL bleibt bis zur expliziten Redirect-Freigabe unverändert aktiv.
/nikos-produkt-flash.html,/de/produkte/flash/,/en/products/flash/,parallel_test,not_configured,Alt-URL bleibt bis zur expliziten Redirect-Freigabe unverändert aktiv.
/nikos-produkt-relay.html,/de/produkte/relay/,/en/products/relay/,parallel_test,not_configured,Alt-URL bleibt bis zur expliziten Redirect-Freigabe unverändert aktiv.
/nikos-produkt-clamp.html,/de/produkte/clamp/,/en/products/clamp/,parallel_test,not_configured,Alt-URL bleibt bis zur expliziten Redirect-Freigabe unverändert aktiv.
/nikos-produkt-xlr.html,/de/produkte/xlr/,/en/products/xlr/,parallel_test,not_configured,Alt-URL bleibt bis zur expliziten Redirect-Freigabe unverändert aktiv.
/nikos-produkt-alarm.html,/de/produkte/alarm/,/en/products/alarm/,parallel_test,not_configured,Alt-URL bleibt bis zur expliziten Redirect-Freigabe unverändert aktiv.
/nikos-produkt-audio.html,/de/produkte/audio/,/en/products/audio/,parallel_test,not_configured,Alt-URL bleibt bis zur expliziten Redirect-Freigabe unverändert aktiv.
/nikos-produkt-dispatcher.html,/de/produkte/dispatcher/,/en/products/dispatcher/,parallel_test,not_configured,Alt-URL bleibt bis zur expliziten Redirect-Freigabe unverändert aktiv.
/nikos-produkt-led.html,/de/produkte/led/,/en/products/led/,parallel_test,not_configured,Alt-URL bleibt bis zur expliziten Redirect-Freigabe unverändert aktiv.
/nikos-produkt-moon.html,/de/produkte/moon/,/en/products/moon/,parallel_test,not_configured,Alt-URL bleibt bis zur expliziten Redirect-Freigabe unverändert aktiv.
/nikos-anwendung-festival.html,/de/anwendungen/festival/,/en/applications/festival/,parallel_test,not_configured,Alt-URL bleibt bis zur expliziten Redirect-Freigabe unverändert aktiv.
/nikos-anwendung-volksfest.html,/de/anwendungen/volksfest/,/en/applications/funfair/,parallel_test,not_configured,Alt-URL bleibt bis zur expliziten Redirect-Freigabe unverändert aktiv.
/nikos-anwendung-stadtfest.html,/de/anwendungen/stadtfest/,/en/applications/city-festival/,parallel_test,not_configured,Alt-URL bleibt bis zur expliziten Redirect-Freigabe unverändert aktiv.
/nikos-anwendung-weihnachtsmarkt.html,/de/anwendungen/weihnachtsmarkt/,/en/applications/christmas-market/,parallel_test,not_configured,Alt-URL bleibt bis zur expliziten Redirect-Freigabe unverändert aktiv.
/nikos-anwendung-gedenkveranstaltung.html,/de/anwendungen/gedenkveranstaltung/,/en/applications/memorial-event/,parallel_test,not_configured,Alt-URL bleibt bis zur expliziten Redirect-Freigabe unverändert aktiv.
/nikos-anwendung-jubilaeumsfeier.html,/de/anwendungen/jubilaeumsfeier/,/en/applications/anniversary-celebration/,parallel_test,not_configured,Alt-URL bleibt bis zur expliziten Redirect-Freigabe unverändert aktiv.
/nikos-anwendung-festumzug.html,/de/anwendungen/festumzug/,/en/applications/parade/,parallel_test,not_configured,Alt-URL bleibt bis zur expliziten Redirect-Freigabe unverändert aktiv.
/nikos-anwendung-firmenveranstaltung.html,/de/anwendungen/firmenveranstaltung/,/en/applications/corporate-event/,parallel_test,not_configured,Alt-URL bleibt bis zur expliziten Redirect-Freigabe unverändert aktiv.
/nikos-anwendung-sportevent.html,/de/anwendungen/sportevent/,/en/applications/sports-event/,parallel_test,not_configured,Alt-URL bleibt bis zur expliziten Redirect-Freigabe unverändert aktiv.
/nikos-anwendung-parkfest.html,/de/anwendungen/parkfest/,/en/applications/park-festival/,parallel_test,not_configured,Alt-URL bleibt bis zur expliziten Redirect-Freigabe unverändert aktiv.
/nikos-anwendung-baustelle.html,/de/anwendungen/baustelle/,/en/applications/construction-site/,parallel_test,not_configured,Alt-URL bleibt bis zur expliziten Redirect-Freigabe unverändert aktiv.
/nikos-anwendung-krisenlage.html,/de/anwendungen/krisenlage/,/en/applications/crisis-situation/,parallel_test,not_configured,Alt-URL bleibt bis zur expliziten Redirect-Freigabe unverändert aktiv.
/nikos-agb.html,/de/agb/,/en/terms/,parallel_test,not_configured,Alt-URL bleibt bis zur expliziten Redirect-Freigabe unverändert aktiv.
/nikos-datenschutz.html,/de/datenschutz/,/en/privacy/,parallel_test,not_configured,Alt-URL bleibt bis zur expliziten Redirect-Freigabe unverändert aktiv.
/nikos-impressum.html,/de/impressum/,/en/imprint/,parallel_test,not_configured,Alt-URL bleibt bis zur expliziten Redirect-Freigabe unverändert aktiv.
/nikos-mietbedingungen.html,/de/mietbedingungen/,/en/rental-terms/,parallel_test,not_configured,Alt-URL bleibt bis zur expliziten Redirect-Freigabe unverändert aktiv.
/nikos-vermietung-partner-werden.html,/de/vermietung/partner-werden/,/en/rental/become-partner/,parallel_test,not_configured,Alt-URL bleibt bis zur expliziten Redirect-Freigabe unverändert aktiv.
/nikos-login.html,/de/login/,/en/login/,parallel_test,not_configured,Alt-URL bleibt bis zur expliziten Redirect-Freigabe unverändert aktiv.
/nikos-vergleich-uebertragungstechnik.html,/de/vergleich-uebertragungstechnik/,/en/transmission-technology-comparison/,parallel_test,not_configured,Alt-URL bleibt bis zur expliziten Redirect-Freigabe unverändert aktiv.
/danke.html,/de/danke/,/en/thank-you/,parallel_test,not_configured,Alt-URL bleibt bis zur expliziten Redirect-Freigabe unverändert aktiv.
